{"cameraMode":{"drawMode":0,"name":"Shaded","section":"Shading Mode"},"sceneLighting":false,"audioPlay":false,"sceneViewState":{"m_AlwaysRefresh":false,"showFog":true,"showSkybox":false,"showFlares":true,"showImageEffects":true,"showParticleSystems":true,"showVisualEffectGraphs":true,"m_FxEnabled":true},"in2DMode":false,"pivot":{"x":5.006264686584473,"y":0.040699999779462817,"z":-4.826560974121094},"rotation":{"x":0.17397373914718629,"y":-0.6756425499916077,"z":0.16874779760837556,"w":0.6962379813194275},"size":0.03316649794578552,"orthographic":false}