{"cameraMode":{"drawMode":0,"name":"Shaded","section":"Shading Mode"},"sceneLighting":true,"audioPlay":false,"sceneViewState":{"m_AlwaysRefresh":false,"showFog":true,"showSkybox":true,"showFlares":true,"showImageEffects":true,"showParticleSystems":true,"showVisualEffectGraphs":true,"m_FxEnabled":true},"in2DMode":false,"pivot":{"x":-0.5610164999961853,"y":0.3189634382724762,"z":4.002370834350586},"rotation":{"x":-0.00019171377061866224,"y":0.999386727809906,"z":0.004185990896075964,"w":0.03447607904672623},"size":2.856977701187134,"orthographic":false}