{"cameraMode":{"drawMode":0,"name":"Shaded","section":"Shading Mode"},"sceneLighting":true,"audioPlay":false,"sceneViewState":{"m_AlwaysRefresh":false,"showFog":true,"showSkybox":true,"showFlares":true,"showImageEffects":true,"showParticleSystems":true,"showVisualEffectGraphs":true,"m_FxEnabled":true},"in2DMode":false,"pivot":{"x":3.477036476135254,"y":3.1853017807006838,"z":-8.755316734313965},"rotation":{"x":-0.21477583050727845,"y":-0.10757479071617127,"z":0.023808714002370836,"w":-0.9704283475875855},"size":12.12435531616211,"orthographic":false}